theta_deg,e_plane_db
0.1,0.00
0.1,-5.45
0.2,-8.77
0.2,-11.16
0.3,-13.04
0.3,-14.58
0.4,-15.89
0.4,-17.03
0.5,-18.03
0.5,-18.93
0.6,-19.75
0.6,-20.49
0.7,-21.18
0.7,-21.81
0.8,-22.40
0.8,-22.96
0.9,-23.48
0.9,-23.97
1.0,-24.43
1.0,-24.87
1.1,-25.29
1.1,-25.69
1.2,-26.07
1.2,-26.43
1.3,-26.78
1.3,-27.12
1.4,-27.44
1.4,-27.75
1.5,-28.05
1.5,-28.34
1.6,-28.62
1.6,-28.89
1.7,-29.16
1.7,-29.41
1.8,-29.66
1.8,-29.90
1.9,-30.13
1.9,-30.36
2.0,-30.58
2.0,-30.79
2.1,-31.00
2.1,-31.20
2.2,-31.40
2.2,-31.60
2.3,-31.79
2.3,-31.97
2.4,-32.15
2.4,-32.33
2.5,-32.50
2.5,-32.67
2.6,-32.84
2.6,-33.00
2.7,-33.16
2.7,-33.31
2.8,-33.47
2.8,-33.62
2.9,-33.76
2.9,-33.91
3.0,-34.05
3.0,-34.19
3.1,-34.32
3.1,-34.46
3.2,-34.59
3.2,-34.72
3.3,-34.85
3.3,-34.97
3.4,-35.09
3.4,-35.21
3.5,-35.33
3.5,-35.45
3.6,-35.57
3.6,-35.68
3.7,-35.79
3.7,-35.90
3.8,-36.01
3.8,-36.11
3.9,-36.22
3.9,-36.32
4.0,-36.42
4.0,-36.52
4.1,-36.62
4.1,-36.72
4.2,-36.82
4.2,-36.91
4.3,-37.00
4.3,-37.10
4.4,-37.19
4.4,-37.28
4.5,-37.36
4.5,-37.45
4.6,-37.54
4.6,-37.62
4.7,-37.71
4.7,-37.79
4.8,-37.87
4.8,-37.95
4.9,-38.03
4.9,-38.11
5.0,-38.18
5.0,-38.26
5.1,-38.34
5.1,-38.41
5.2,-38.48
5.2,-38.56
5.3,-38.63
5.3,-38.70
5.4,-38.77
5.4,-38.84
5.5,-38.91
5.5,-38.97
5.6,-39.04
5.6,-39.11
5.7,-39.17
5.7,-39.24
5.8,-39.30
5.8,-39.36
5.9,-39.42
5.9,-39.49
6.0,-39.55
6.0,-39.61
6.1,-39.67
6.1,-39.72
6.2,-39.78
6.2,-39.84
6.3,-39.90
6.3,-39.95
6.4,-40.01
6.4,-40.06
6.5,-40.12
6.5,-40.17
6.6,-40.22
6.6,-40.27
6.7,-40.33
6.7,-40.38
6.8,-40.43
6.8,-40.48
6.9,-40.53
6.9,-40.58
7.0,-40.62
7.0,-40.67
7.1,-40.72
7.1,-40.77
7.2,-40.81
7.2,-40.86
7.3,-40.90
7.3,-40.95
7.4,-40.99
7.4,-41.04
7.5,-41.08
7.5,-41.12
7.6,-41.17
7.6,-41.21
7.7,-41.25
7.7,-41.29
7.8,-41.33
7.8,-41.37
7.9,-41.41
7.9,-41.45
8.0,-41.49
8.0,-41.53
8.1,-41.57
8.1,-41.61
8.2,-41.64
8.2,-41.68
8.3,-41.72
8.3,-41.75
8.4,-41.79
8.4,-41.82
8.5,-41.86
8.5,-41.89
8.6,-41.93
8.6,-41.96
8.7,-42.00
8.7,-42.03
8.8,-42.06
8.8,-42.09
8.9,-42.13
8.9,-42.16
9.0,-42.19
9.0,-42.22
9.1,-42.25
9.1,-42.28
9.2,-42.31
9.2,-42.34
9.3,-42.37
9.3,-42.40
9.4,-42.43
9.4,-42.46
9.5,-42.49
9.5,-42.52
9.6,-42.54
9.6,-42.57
9.7,-42.60
9.7,-42.63
9.8,-42.65
9.8,-42.68
9.9,-42.71
9.9,-42.73
10.0,-42.76
10.0,-42.78
10.1,-42.81
10.1,-42.83
10.2,-42.86
10.2,-42.88
10.3,-42.91
10.3,-42.93
10.4,-42.95
10.4,-42.98
10.5,-43.00
10.5,-43.02
10.6,-43.04
10.6,-43.07
10.7,-43.09
10.7,-43.11
10.8,-43.13
10.8,-43.15
10.9,-43.17
10.9,-43.19
11.0,-43.22
11.0,-43.24
11.1,-43.26
11.1,-43.28
11.2,-43.30
11.2,-43.31
11.3,-43.33
11.3,-43.35
11.4,-43.37
11.4,-43.39
11.5,-43.41
11.5,-43.43
11.5,-43.45
11.6,-43.46
11.6,-43.48
11.7,-43.50
11.7,-43.52
11.8,-43.53
11.8,-43.55
11.9,-43.57
11.9,-43.58
12.0,-43.60
12.0,-43.62
12.1,-43.63
12.1,-43.65
12.2,-43.66
12.2,-43.68
12.3,-43.69
12.3,-43.71
12.4,-43.72
12.4,-43.74
12.5,-43.75
12.5,-43.77
12.6,-43.78
12.6,-43.79
12.7,-43.81
12.7,-43.82
12.8,-43.84
12.8,-43.85
12.9,-43.86
12.9,-43.87
13.0,-43.89
13.0,-43.90
13.1,-43.91
13.1,-43.93
13.2,-43.94
13.2,-43.95
13.3,-43.96
13.3,-43.97
13.4,-43.99
13.4,-44.00
13.5,-44.01
13.5,-44.02
13.6,-44.03
13.6,-44.04
13.7,-44.05
13.7,-44.06
13.8,-44.07
13.8,-44.08
13.9,-44.09
13.9,-44.10
14.0,-44.11
14.0,-44.12
14.1,-44.13
14.1,-44.14
14.2,-44.15
14.2,-44.16
14.3,-44.17
14.3,-44.18
14.4,-44.19
14.4,-44.20
14.5,-44.21
14.5,-44.21
14.6,-44.22
14.6,-44.23
14.7,-44.24
14.7,-44.25
14.8,-44.26
14.8,-44.26
14.9,-44.27
14.9,-44.28
15.0,-44.29
15.0,-44.29
15.1,-44.30
15.1,-44.31
15.2,-44.32
15.2,-44.32
15.3,-44.33
15.3,-44.34
15.4,-44.34
15.4,-44.35
15.5,-44.36
15.5,-44.36
15.6,-44.37
15.6,-44.37
15.7,-44.38
15.7,-44.39
15.8,-44.39
15.8,-44.40
15.9,-44.40
15.9,-44.41
16.0,-44.41
16.0,-44.42
16.1,-44.42
16.1,-44.43
16.2,-44.43
16.2,-44.44
16.3,-44.44
16.3,-44.45
16.4,-44.45
16.4,-44.46
16.5,-44.46
16.5,-44.47
16.6,-44.47
16.6,-44.48
16.7,-44.48
16.7,-44.48
16.8,-44.49
16.8,-44.49
16.9,-44.50
16.9,-44.50
17.0,-44.50
17.0,-44.51
17.1,-44.51
17.1,-44.51
17.2,-44.52
17.2,-44.52
17.3,-44.52
17.3,-44.53
17.4,-44.53
17.4,-44.53
17.5,-44.53
17.5,-44.54
17.6,-44.54
17.6,-44.54
17.7,-44.55
17.7,-44.55
17.8,-44.55
17.8,-44.55
17.9,-44.55
17.9,-44.56
18.0,-44.56
18.0,-44.56
18.1,-44.56
18.1,-44.57
18.2,-44.57
18.2,-44.57
18.3,-44.57
18.3,-44.57
18.4,-44.57
18.4,-44.58
18.5,-44.58
18.5,-44.58
18.6,-44.58
18.6,-44.58
18.7,-44.58
18.7,-44.58
18.8,-44.58
18.8,-44.58
18.9,-44.59
18.9,-44.59
19.0,-44.59
19.0,-44.59
19.1,-44.59
19.1,-44.59
19.2,-44.59
19.2,-44.59
19.3,-44.59
19.3,-44.59
19.4,-44.59
19.4,-44.59
19.5,-44.59
19.5,-44.59
19.6,-44.59
19.6,-44.59
19.7,-44.59
19.7,-44.59
19.8,-44.59
19.8,-44.59
19.9,-44.59
19.9,-44.59
20.0,-44.59
20.0,-44.59
20.1,-44.59
20.1,-44.59
20.2,-44.59
20.2,-44.59
20.3,-44.59
20.3,-44.59
20.4,-44.59
20.4,-44.59
20.5,-44.59
20.5,-44.59
20.6,-44.59
20.6,-44.58
20.7,-44.58
20.7,-44.58
20.8,-44.58
20.8,-44.58
20.9,-44.58
20.9,-44.58
21.0,-44.58
21.0,-44.58
21.1,-44.57
21.1,-44.57
21.2,-44.57
21.2,-44.57
21.3,-44.57
21.3,-44.57
21.4,-44.57
21.4,-44.56
21.5,-44.56
21.5,-44.56
21.6,-44.56
21.6,-44.56
21.7,-44.56
21.7,-44.55
21.8,-44.55
21.8,-44.55
21.9,-44.55
21.9,-44.55
22.0,-44.54
22.0,-44.54
22.1,-44.54
22.1,-44.54
22.2,-44.54
22.2,-44.53
22.3,-44.53
22.3,-44.53
22.4,-44.53
22.4,-44.52
22.5,-44.52
22.5,-44.52
22.6,-44.52
22.6,-44.52
22.7,-44.51
22.7,-44.51
22.8,-44.51
22.8,-44.51
22.9,-44.50
22.9,-44.50
23.0,-44.50
23.0,-44.49
23.1,-44.49
23.1,-44.49
23.2,-44.49
23.2,-44.48
23.3,-44.48
23.3,-44.48
23.4,-44.47
23.4,-44.47
23.5,-44.47
23.5,-44.47
23.6,-44.46
23.6,-44.46
23.7,-44.46
23.7,-44.45
23.8,-44.45
23.8,-44.45
23.9,-44.44
23.9,-44.44
24.0,-44.44
24.0,-44.43
24.1,-44.43
24.1,-44.43
24.2,-44.42
24.2,-44.42
24.3,-44.42
24.3,-44.41
24.4,-44.41
24.4,-44.41
24.5,-44.40
24.5,-44.40
24.6,-44.40
24.6,-44.39
24.7,-44.39
24.7,-44.39
24.8,-44.38
24.8,-44.38
24.9,-44.38
24.9,-44.37
25.0,-44.37
25.0,-44.36
25.1,-44.36
25.1,-44.36
25.2,-44.35
25.2,-44.35
25.3,-44.35
25.3,-44.34
25.4,-44.34
25.4,-44.33
25.5,-44.33
25.5,-44.33
25.6,-44.32
25.6,-44.32
25.7,-44.31
25.7,-44.31
25.8,-44.31
25.8,-44.30
25.9,-44.30
25.9,-44.29
26.0,-44.29
26.0,-44.29
26.1,-44.28
26.1,-44.28
26.2,-44.27
26.2,-44.27
26.3,-44.26
26.3,-44.26
26.4,-44.26
26.4,-44.25
26.5,-44.25
26.5,-44.24
26.6,-44.24
26.6,-44.23
26.7,-44.23
26.7,-44.23
26.8,-44.22
26.8,-44.22
26.9,-44.21
26.9,-44.21
27.0,-44.20
27.0,-44.20
27.1,-44.19
27.1,-44.19
27.2,-44.19
27.2,-44.18
27.3,-44.18
27.3,-44.17
27.4,-44.17
27.4,-44.16
27.5,-44.16
27.5,-44.15
27.6,-44.15
27.6,-44.14
27.7,-44.14
27.7,-44.14
27.8,-44.13
27.8,-44.13
27.9,-44.12
27.9,-44.12
28.0,-44.11
28.0,-44.11
28.1,-44.10
28.1,-44.10
28.2,-44.09
28.2,-44.09
28.3,-44.08
28.3,-44.08
28.4,-44.07
28.4,-44.07
28.5,-44.06
28.5,-44.06
28.6,-44.05
28.6,-44.05
28.7,-44.04
28.7,-44.04
28.8,-44.03
28.8,-44.03
28.9,-44.03
28.9,-44.02
29.0,-44.02
29.0,-44.01
29.1,-44.01
29.1,-44.00
29.2,-44.00
29.2,-43.99
29.3,-43.99
29.3,-43.98
29.4,-43.98
29.4,-43.97
29.5,-43.97
29.5,-43.96
29.6,-43.96
29.6,-43.95
29.7,-43.95
29.7,-43.94
29.8,-43.93
29.8,-43.93
29.9,-43.92
29.9,-43.92
30.0,-43.91
30.0,-43.91
30.1,-43.90
30.1,-43.90
30.2,-43.89
30.2,-43.89
30.3,-43.88
30.3,-43.88
30.4,-43.87
30.4,-43.87
30.5,-43.86
30.5,-43.86
30.6,-43.85
30.6,-43.85
30.7,-43.84
30.7,-43.84
30.8,-43.83
30.8,-43.83
30.9,-43.82
30.9,-43.82
31.0,-43.81
31.0,-43.81
31.1,-43.80
31.1,-43.79
31.2,-43.79
31.2,-43.78
31.3,-43.78
31.3,-43.77
31.4,-43.77
31.4,-43.76
31.5,-43.76
31.5,-43.75
31.6,-43.75
31.6,-43.74
31.7,-43.74
31.7,-43.73
31.8,-43.73
31.8,-43.72
31.9,-43.71
31.9,-43.71
32.0,-43.70
32.0,-43.70
32.1,-43.69
32.1,-43.69
32.2,-43.68
32.2,-43.68
32.3,-43.67
32.3,-43.67
32.4,-43.66
32.4,-43.66
32.5,-43.65
32.5,-43.64
32.6,-43.64
32.6,-43.63
32.7,-43.63
32.7,-43.62
32.8,-43.62
32.8,-43.61
32.9,-43.61
32.9,-43.60
33.0,-43.60
33.0,-43.59
33.1,-43.58
33.1,-43.58
33.2,-43.57
33.2,-43.57
33.3,-43.56
33.3,-43.56
33.4,-43.55
33.4,-43.55
33.5,-43.54
33.5,-43.54
33.6,-43.53
33.6,-43.52
33.7,-43.52
33.7,-43.51
33.8,-43.51
33.8,-43.50
33.9,-43.50
33.9,-43.49
34.0,-43.49
34.0,-43.48
34.1,-43.48
34.1,-43.47
34.2,-43.46
34.2,-43.46
34.3,-43.45
34.3,-43.45
34.4,-43.44
34.4,-43.44
34.5,-43.43
34.5,-43.43
34.6,-43.42
34.6,-43.41
34.7,-43.41
34.7,-43.40
34.8,-43.40
34.8,-43.39
34.9,-43.39
34.9,-43.38
35.0,-43.38
35.0,-43.37
35.1,-43.36
35.1,-43.36
35.2,-43.35
35.2,-43.35
35.3,-43.34
35.3,-43.34
35.4,-43.33
35.4,-43.33
35.5,-43.32
35.5,-43.31
35.6,-43.31
35.6,-43.30
35.7,-43.30
35.7,-43.29
35.8,-43.29
35.8,-43.28
35.9,-43.28
35.9,-43.27
36.0,-43.26
36.0,-43.26
36.1,-43.25
36.1,-43.25
36.2,-43.24
36.2,-43.24
36.3,-43.23
36.3,-43.23
36.4,-43.22
36.4,-43.21
36.5,-43.21
36.5,-43.20
36.6,-43.20
36.6,-43.19
36.7,-43.19
36.7,-43.18
36.8,-43.18
36.8,-43.17
36.9,-43.17
36.9,-43.16
37.0,-43.15
37.0,-43.15
37.1,-43.14
37.1,-43.14
37.2,-43.13
37.2,-43.13
37.3,-43.12
37.3,-43.12
37.4,-43.11
37.4,-43.10
37.5,-43.10
37.5,-43.09
37.6,-43.09
37.6,-43.08
37.7,-43.08
37.7,-43.07
37.8,-43.07
37.8,-43.06
37.9,-43.05
37.9,-43.05
38.0,-43.04
38.0,-43.04
38.1,-43.03
38.1,-43.03
38.2,-43.02
38.2,-43.02
38.3,-43.01
38.3,-43.00
38.4,-43.00
38.4,-42.99
38.5,-42.99
38.5,-42.98
38.6,-42.98
38.6,-42.97
38.7,-42.97
38.7,-42.96
38.8,-42.95
38.8,-42.95
38.9,-42.94
38.9,-42.94
39.0,-42.93
39.0,-42.93
39.1,-42.92
39.1,-42.92
39.2,-42.91
39.2,-42.91
39.3,-42.90
39.3,-42.89
39.4,-42.89
39.4,-42.88
39.5,-42.88
39.5,-42.87
39.6,-42.87
39.6,-42.86
39.7,-42.86
39.7,-42.85
39.8,-42.85
39.8,-42.84
39.9,-42.83
39.9,-42.83
40.0,-42.82
40.0,-42.82
40.1,-42.81
40.1,-42.81
40.2,-42.80
40.2,-42.80
40.3,-42.79
40.3,-42.79
40.4,-42.78
40.4,-42.77
40.5,-42.77
40.5,-42.76
40.6,-42.76
40.6,-42.75
40.7,-42.75
40.7,-42.74
40.8,-42.74
40.8,-42.73
40.9,-42.73
40.9,-42.72
41.0,-42.71
41.0,-42.71
41.1,-42.70
41.1,-42.70
41.2,-42.69
41.2,-42.69
41.3,-42.68
41.3,-42.68
41.4,-42.67
41.4,-42.67
41.5,-42.66
41.5,-42.66
41.6,-42.65
41.6,-42.64
41.7,-42.64
41.7,-42.63
41.8,-42.63
41.8,-42.62
41.9,-42.62
41.9,-42.61
42.0,-42.61
42.0,-42.60
42.1,-42.60
42.1,-42.59
42.2,-42.59
42.2,-42.58
42.3,-42.58
42.3,-42.57
42.4,-42.56
42.4,-42.56
42.5,-42.55
42.5,-42.55
42.6,-42.54
42.6,-42.54
42.7,-42.53
42.7,-42.53
42.8,-42.52
42.8,-42.52
42.9,-42.51
42.9,-42.51
43.0,-42.50
43.0,-42.50
43.1,-42.49
43.1,-42.49
43.2,-42.48
43.2,-42.48
43.3,-42.47
43.3,-42.46
43.4,-42.46
43.4,-42.45
43.5,-42.45
43.5,-42.44
43.6,-42.44
43.6,-42.43
43.7,-42.43
43.7,-42.42
43.8,-42.42
43.8,-42.41
43.9,-42.41
43.9,-42.40
44.0,-42.40
44.0,-42.39
44.1,-42.39
44.1,-42.38
44.2,-42.38
44.2,-42.37
44.3,-42.37
44.3,-42.36
44.4,-42.36
44.4,-42.35
44.5,-42.34
44.5,-42.34
44.6,-42.33
44.6,-42.33
44.7,-42.32
44.7,-42.32
44.8,-42.31
44.8,-42.31
44.9,-42.30
44.9,-42.30
45.0,-42.29
45.0,-42.29
45.1,-42.28
45.1,-42.28
45.2,-42.27
45.2,-42.27
45.3,-42.26
45.3,-42.26
45.4,-42.25
45.4,-42.25
45.5,-42.24
45.5,-42.24
45.6,-42.23
45.6,-42.23
45.7,-42.22
45.7,-42.22
45.8,-42.21
45.8,-42.21
45.9,-42.20
45.9,-42.20
46.0,-42.19
46.0,-42.19
46.1,-42.18
46.1,-42.18
46.2,-42.17
46.2,-42.17
46.3,-42.16
46.3,-42.16
46.4,-42.15
46.4,-42.15
46.5,-42.14
46.5,-42.14
46.6,-42.13
46.6,-42.13
46.7,-42.12
46.7,-42.12
46.8,-42.11
46.8,-42.11
46.9,-42.10
46.9,-42.10
47.0,-42.09
47.0,-42.09
47.1,-42.08
47.1,-42.08
47.2,-42.07
47.2,-42.07
47.3,-42.06
47.3,-42.06
47.4,-42.05
47.4,-42.05
47.5,-42.04
47.5,-42.04
47.6,-42.03
47.6,-42.03
47.7,-42.02
47.7,-42.02
47.8,-42.01
47.8,-42.01
47.9,-42.00
47.9,-42.00
48.0,-41.99
48.0,-41.99
48.1,-41.98
48.1,-41.98
48.2,-41.98
48.2,-41.97
48.3,-41.97
48.3,-41.96
48.4,-41.96
48.4,-41.95
48.5,-41.95
48.5,-41.94
48.6,-41.94
48.6,-41.93
48.7,-41.93
48.7,-41.92
48.8,-41.92
48.8,-41.91
48.9,-41.91
48.9,-41.90
49.0,-41.90
49.0,-41.89
49.1,-41.89
49.1,-41.88
49.2,-41.88
49.2,-41.87
49.3,-41.87
49.3,-41.87
49.4,-41.86
49.4,-41.86
49.5,-41.85
49.5,-41.85
49.6,-41.84
49.6,-41.84
49.7,-41.83
49.7,-41.83
49.8,-41.82
49.8,-41.82
49.9,-41.81
49.9,-41.81
50.0,-41.80
50.0,-41.80
50.1,-41.80
50.1,-41.79
50.2,-41.79
50.2,-41.78
50.3,-41.78
50.3,-41.77
50.4,-41.77
50.4,-41.76
50.5,-41.76
50.5,-41.75
50.6,-41.75
50.6,-41.74
50.7,-41.74
50.7,-41.74
50.8,-41.73
50.8,-41.73
50.9,-41.72
50.9,-41.72
51.0,-41.71
51.0,-41.71
51.1,-41.70
51.1,-41.70
51.2,-41.69
51.2,-41.69
51.3,-41.69
51.3,-41.68
51.4,-41.68
51.4,-41.67
51.5,-41.67
51.5,-41.66
51.6,-41.66
51.6,-41.65
51.7,-41.65
51.7,-41.64
51.8,-41.64
51.8,-41.64
51.9,-41.63
51.9,-41.63
52.0,-41.62
52.0,-41.62
52.1,-41.61
52.1,-41.61
52.2,-41.60
52.2,-41.60
52.3,-41.60
52.3,-41.59
52.4,-41.59
52.4,-41.58
52.5,-41.58
52.5,-41.57
52.6,-41.57
52.6,-41.57
52.7,-41.56
52.7,-41.56
52.8,-41.55
52.8,-41.55
52.9,-41.54
52.9,-41.54
53.0,-41.53
53.0,-41.53
53.1,-41.53
53.1,-41.52
53.2,-41.52
53.2,-41.51
53.3,-41.51
53.3,-41.50
53.4,-41.50
53.4,-41.50
53.5,-41.49
53.5,-41.49
53.6,-41.48
53.6,-41.48
53.7,-41.47
53.7,-41.47
53.8,-41.47
53.8,-41.46
53.9,-41.46
53.9,-41.45
54.0,-41.45
54.0,-41.44
54.1,-41.44
54.1,-41.44
54.2,-41.43
54.2,-41.43
54.3,-41.42
54.3,-41.42
54.4,-41.42
54.4,-41.41
54.5,-41.41
54.5,-41.40
54.6,-41.40
54.6,-41.39
54.7,-41.39
54.7,-41.39
54.8,-41.38
54.8,-41.38
54.9,-41.37
54.9,-41.37
55.0,-41.37
55.0,-41.36
55.1,-41.36
55.1,-41.35
55.2,-41.35
55.2,-41.35
55.3,-41.34
55.3,-41.34
55.4,-41.33
55.4,-41.33
55.5,-41.32
55.5,-41.32
55.6,-41.32
55.6,-41.31
55.7,-41.31
55.7,-41.30
55.8,-41.30
55.8,-41.30
55.9,-41.29
55.9,-41.29
56.0,-41.28
56.0,-41.28
56.1,-41.28
56.1,-41.27
56.2,-41.27
56.2,-41.26
56.3,-41.26
56.3,-41.26
56.4,-41.25
56.4,-41.25
56.5,-41.24
56.5,-41.24
56.6,-41.24
56.6,-41.23
56.7,-41.23
56.7,-41.23
56.8,-41.22
56.8,-41.22
56.9,-41.21
56.9,-41.21
57.0,-41.21
57.0,-41.20
57.1,-41.20
57.1,-41.19
57.2,-41.19
57.2,-41.19
57.3,-41.18
57.3,-41.18
57.4,-41.17
57.4,-41.17
57.5,-41.17
57.5,-41.16
57.6,-41.16
57.6,-41.16
57.7,-41.15
57.7,-41.15
57.8,-41.14
57.8,-41.14
57.9,-41.14
57.9,-41.13
58.0,-41.13
58.0,-41.13
58.1,-41.12
58.1,-41.12
58.2,-41.11
58.2,-41.11
58.3,-41.11
58.3,-41.10
58.4,-41.10
58.4,-41.10
58.5,-41.09
58.5,-41.09
58.6,-41.08
58.6,-41.08
58.7,-41.08
58.7,-41.07
58.8,-41.07
58.8,-41.07
58.9,-41.06
58.9,-41.06
59.0,-41.05
59.0,-41.05
59.1,-41.05
59.1,-41.04
59.2,-41.04
59.2,-41.04
59.3,-41.03
59.3,-41.03
59.4,-41.03
59.4,-41.02
59.5,-41.02
59.5,-41.02
59.6,-41.01
59.6,-41.01
59.7,-41.00
59.7,-41.00
59.8,-41.00
59.8,-40.99
59.9,-40.99
59.9,-40.99
60.0,-40.98
60.0,-40.98
60.1,-40.98
60.1,-40.97
60.2,-40.97
60.2,-40.97
60.3,-40.96
60.3,-40.96
60.4,-40.96
60.4,-40.95
60.5,-40.95
60.5,-40.94
60.6,-40.94
60.6,-40.94
60.7,-40.93
60.7,-40.93
60.8,-40.93
60.8,-40.92
60.9,-40.92
60.9,-40.92
61.0,-40.91
61.0,-40.91
61.1,-40.91
61.1,-40.90
61.2,-40.90
61.2,-40.90
61.3,-40.89
61.3,-40.89
61.4,-40.89
61.4,-40.88
61.5,-40.88
61.5,-40.88
61.6,-40.87
61.6,-40.87
61.7,-40.87
61.7,-40.86
61.8,-40.86
61.8,-40.86
61.9,-40.85
61.9,-40.85
62.0,-40.85
62.0,-40.84
62.1,-40.84
62.1,-40.84
62.2,-40.83
62.2,-40.83
62.3,-40.83
62.3,-40.82
62.4,-40.82
62.4,-40.82
62.5,-40.81
62.5,-40.81
62.6,-40.81
62.6,-40.80
62.7,-40.80
62.7,-40.80
62.8,-40.79
62.8,-40.79
62.9,-40.79
62.9,-40.79
63.0,-40.78
63.0,-40.78
63.1,-40.78
63.1,-40.77
63.2,-40.77
63.2,-40.77
63.3,-40.76
63.3,-40.76
63.4,-40.76
63.4,-40.75
63.5,-40.75
63.5,-40.75
63.6,-40.74
63.6,-40.74
63.7,-40.74
63.7,-40.74
63.8,-40.73
63.8,-40.73
63.9,-40.73
63.9,-40.72
64.0,-40.72
64.0,-40.72
64.1,-40.71
64.1,-40.71
64.2,-40.71
64.2,-40.70
64.3,-40.70
64.3,-40.70
64.4,-40.70
64.4,-40.69
64.5,-40.69
64.5,-40.69
64.6,-40.68
64.6,-40.68
64.7,-40.68
64.7,-40.68
64.8,-40.67
64.8,-40.67
64.9,-40.67
64.9,-40.66
65.0,-40.66
65.0,-40.66
65.1,-40.65
65.1,-40.65
65.2,-40.65
65.2,-40.65
65.3,-40.64
65.3,-40.64
65.4,-40.64
65.4,-40.63
65.5,-40.63
65.5,-40.63
65.6,-40.63
65.6,-40.62
65.7,-40.62
65.7,-40.62
65.8,-40.61
65.8,-40.61
65.9,-40.61
65.9,-40.61
66.0,-40.60
66.0,-40.60
66.1,-40.60
66.1,-40.60
66.2,-40.59
66.2,-40.59
66.3,-40.59
66.3,-40.58
66.4,-40.58
66.4,-40.58
66.5,-40.58
66.5,-40.57
66.6,-40.57
66.6,-40.57
66.7,-40.57
66.7,-40.56
66.8,-40.56
66.8,-40.56
66.9,-40.55
66.9,-40.55
67.0,-40.55
67.0,-40.55
67.1,-40.54
67.1,-40.54
67.2,-40.54
67.2,-40.54
67.3,-40.53
67.3,-40.53
67.4,-40.53
67.4,-40.53
67.5,-40.52
67.5,-40.52
67.6,-40.52
67.6,-40.52
67.7,-40.51
67.7,-40.51
67.8,-40.51
67.8,-40.50
67.9,-40.50
67.9,-40.50
68.0,-40.50
68.0,-40.49
68.1,-40.49
68.1,-40.49
68.2,-40.49
68.2,-40.48
68.3,-40.48
68.3,-40.48
68.4,-40.48
68.4,-40.47
68.5,-40.47
68.5,-40.47
68.6,-40.47
68.6,-40.46
68.7,-40.46
68.7,-40.46
68.8,-40.46
68.8,-40.46
68.9,-40.45
68.9,-40.45
69.0,-40.45
69.0,-40.45
69.1,-40.44
69.1,-40.44
69.2,-40.44
69.2,-40.44
69.3,-40.43
69.3,-40.43
69.4,-40.43
69.4,-40.43
69.5,-40.42
69.5,-40.42
69.6,-40.42
69.6,-40.42
69.7,-40.42
69.7,-40.41
69.8,-40.41
69.8,-40.41
69.9,-40.41
69.9,-40.40
70.0,-40.40
70.0,-40.40
70.1,-40.40
70.1,-40.39
70.2,-40.39
70.2,-40.39
70.3,-40.39
70.3,-40.39
70.4,-40.38
70.4,-40.38
70.5,-40.38
70.5,-40.38
70.6,-40.37
70.6,-40.37
70.7,-40.37
70.7,-40.37
70.8,-40.37
70.8,-40.36
70.9,-40.36
70.9,-40.36
71.0,-40.36
71.0,-40.36
71.1,-40.35
71.1,-40.35
71.2,-40.35
71.2,-40.35
71.3,-40.34
71.3,-40.34
71.4,-40.34
71.4,-40.34
71.5,-40.34
71.5,-40.33
71.6,-40.33
71.6,-40.33
71.7,-40.33
71.7,-40.33
71.8,-40.32
71.8,-40.32
71.9,-40.32
71.9,-40.32
72.0,-40.32
72.0,-40.31
72.1,-40.31
72.1,-40.31
72.2,-40.31
72.2,-40.31
72.3,-40.30
72.3,-40.30
72.4,-40.30
72.4,-40.30
72.5,-40.30
72.5,-40.29
72.6,-40.29
72.6,-40.29
72.7,-40.29
72.7,-40.29
72.8,-40.29
72.8,-40.28
72.9,-40.28
72.9,-40.28
73.0,-40.28
73.0,-40.28
73.1,-40.27
73.1,-40.27
73.2,-40.27
73.2,-40.27
73.3,-40.27
73.3,-40.26
73.4,-40.26
73.4,-40.26
73.5,-40.26
73.5,-40.26
73.6,-40.26
73.6,-40.25
73.7,-40.25
73.7,-40.25
73.8,-40.25
73.8,-40.25
73.9,-40.25
73.9,-40.24
74.0,-40.24
74.0,-40.24
74.1,-40.24
74.1,-40.24
74.2,-40.24
74.2,-40.23
74.3,-40.23
74.3,-40.23
74.4,-40.23
74.4,-40.23
74.5,-40.23
74.5,-40.22
74.6,-40.22
74.6,-40.22
74.7,-40.22
74.7,-40.22
74.8,-40.22
74.8,-40.21
74.9,-40.21
74.9,-40.21
75.0,-40.21
75.0,-40.21
75.1,-40.21
75.1,-40.20
75.2,-40.20
75.2,-40.20
75.3,-40.20
75.3,-40.20
75.4,-40.20
75.4,-40.19
75.5,-40.19
75.5,-40.19
75.6,-40.19
75.6,-40.19
75.7,-40.19
75.7,-40.19
75.8,-40.18
75.8,-40.18
75.9,-40.18
75.9,-40.18
76.0,-40.18
76.0,-40.18
76.1,-40.18
76.1,-40.17
76.2,-40.17
76.2,-40.17
76.3,-40.17
76.3,-40.17
76.4,-40.17
76.4,-40.17
76.5,-40.16
76.5,-40.16
76.6,-40.16
76.6,-40.16
76.7,-40.16
76.7,-40.16
76.8,-40.16
76.8,-40.16
76.9,-40.15
76.9,-40.15
77.0,-40.15
77.0,-40.15
77.1,-40.15
77.1,-40.15
77.2,-40.15
77.2,-40.14
77.3,-40.14
77.3,-40.14
77.4,-40.14
77.4,-40.14
77.5,-40.14
77.5,-40.14
77.6,-40.14
77.6,-40.14
77.7,-40.13
77.7,-40.13
77.8,-40.13
77.8,-40.13
77.9,-40.13
77.9,-40.13
78.0,-40.13
78.0,-40.13
78.1,-40.12
78.1,-40.12
78.2,-40.12
78.2,-40.12
78.3,-40.12
78.3,-40.12
78.4,-40.12
78.4,-40.12
78.5,-40.12
78.5,-40.11
78.6,-40.11
78.6,-40.11
78.7,-40.11
78.7,-40.11
78.8,-40.11
78.8,-40.11
78.9,-40.11
78.9,-40.11
79.0,-40.11
79.0,-40.10
79.1,-40.10
79.1,-40.10
79.2,-40.10
79.2,-40.10
79.3,-40.10
79.3,-40.10
79.4,-40.10
79.4,-40.10
79.5,-40.10
79.5,-40.09
79.6,-40.09
79.6,-40.09
79.7,-40.09
79.7,-40.09
79.8,-40.09
79.8,-40.09
79.9,-40.09
79.9,-40.09
80.0,-40.09
80.0,-40.09
80.1,-40.08
80.1,-40.08
80.2,-40.08
80.2,-40.08
80.3,-40.08
80.3,-40.08
80.4,-40.08
80.4,-40.08
80.5,-40.08
80.5,-40.08
80.6,-40.08
80.6,-40.08
80.7,-40.07
80.7,-40.07
80.8,-40.07
80.8,-40.07
80.9,-40.07
80.9,-40.07
81.0,-40.07
81.0,-40.07
81.1,-40.07
81.1,-40.07
81.2,-40.07
81.2,-40.07
81.3,-40.07
81.3,-40.07
81.4,-40.06
81.4,-40.06
81.5,-40.06
81.5,-40.06
81.6,-40.06
81.6,-40.06
81.7,-40.06
81.7,-40.06
81.8,-40.06
81.8,-40.06
81.9,-40.06
81.9,-40.06
82.0,-40.06
82.0,-40.06
82.1,-40.06
82.1,-40.06
82.2,-40.06
82.2,-40.05
82.3,-40.05
82.3,-40.05
82.4,-40.05
82.4,-40.05
82.5,-40.05
82.5,-40.05
82.6,-40.05
82.6,-40.05
82.7,-40.05
82.7,-40.05
82.8,-40.05
82.8,-40.05
82.9,-40.05
82.9,-40.05
83.0,-40.05
83.0,-40.05
83.1,-40.05
83.1,-40.05
83.2,-40.05
83.2,-40.05
83.3,-40.04
83.3,-40.04
83.4,-40.04
83.4,-40.04
83.5,-40.04
83.5,-40.04
83.6,-40.04
83.6,-40.04
83.7,-40.04
83.7,-40.04
83.8,-40.04
83.8,-40.04
83.9,-40.04
83.9,-40.04
84.0,-40.04
84.0,-40.04
84.1,-40.04
84.1,-40.04
84.2,-40.04
84.2,-40.04
84.3,-40.04
84.3,-40.04
84.4,-40.04
84.4,-40.04
84.5,-40.04
84.5,-40.04
84.6,-40.04
84.6,-40.04
84.7,-40.04
84.7,-40.04
84.8,-40.04
84.8,-40.04
84.9,-40.04
84.9,-40.04
85.0,-40.04
85.0,-40.04
85.1,-40.04
85.1,-40.04
85.2,-40.04
85.2,-40.04
85.3,-40.04
85.3,-40.04
85.4,-40.04
85.4,-40.03
85.5,-40.03
85.5,-40.03
85.6,-40.03
85.6,-40.03
85.7,-40.03
85.7,-40.03
85.8,-40.03
85.8,-40.03
85.9,-40.03
85.9,-40.03
86.0,-40.03
86.0,-40.03
86.1,-40.03
86.1,-40.03
86.2,-40.03
86.2,-40.03
86.3,-40.03
86.3,-40.03
86.4,-40.04
86.4,-40.04
86.5,-40.04
86.5,-40.04
86.6,-40.04
86.6,-40.04
86.7,-40.04
86.7,-40.04
86.8,-40.04
86.8,-40.04
86.9,-40.04
86.9,-40.04
87.0,-40.04
87.0,-40.04
87.1,-40.04
87.1,-40.04
87.2,-40.04
87.2,-40.04
87.3,-40.04
87.3,-40.04
87.4,-40.04
87.4,-40.04
87.5,-40.04
87.5,-40.04
87.6,-40.04
87.6,-40.04
87.7,-40.04
87.7,-40.04
87.8,-40.04
87.8,-40.04
87.9,-40.04
87.9,-40.04
88.0,-40.04
88.0,-40.04
88.1,-40.04
88.1,-40.04
88.2,-40.04
88.2,-40.04
88.3,-40.04
88.3,-40.04
88.4,-40.04
88.4,-40.04
88.5,-40.04
88.5,-40.04
88.6,-40.05
88.6,-40.05
88.7,-40.05
88.7,-40.05
88.8,-40.05
88.8,-40.05
88.9,-40.05
88.9,-40.05
89.0,-40.05
89.0,-40.05
89.1,-40.05
89.1,-40.05
89.2,-40.05
89.2,-40.05
89.3,-40.05
89.3,-40.05
89.4,-40.05
89.4,-40.05
89.5,-40.05
89.5,-40.05
89.6,-40.05
89.6,-40.06
89.7,-40.06
89.7,-40.06
89.8,-40.06
89.8,-40.06
89.9,-40.06
89.9,-40.06
90.0,-40.06
90.0,-40.06
90.0,-40.06
90.1,-40.06
90.1,-40.06
90.2,-40.06
90.2,-40.06
90.3,-40.06
90.3,-40.06
90.4,-40.07
90.4,-40.07
90.5,-40.07
90.5,-40.07
90.6,-40.07
90.6,-40.07
90.7,-40.07
90.7,-40.07
90.8,-40.07
90.8,-40.07
90.9,-40.07
90.9,-40.07
91.0,-40.07
91.0,-40.07
91.1,-40.08
91.1,-40.08
91.2,-40.08
91.2,-40.08
91.3,-40.08
91.3,-40.08
91.4,-40.08
91.4,-40.08
91.5,-40.08
91.5,-40.08
91.6,-40.08
91.6,-40.08
91.7,-40.09
91.7,-40.09
91.8,-40.09
91.8,-40.09
91.9,-40.09
91.9,-40.09
92.0,-40.09
92.0,-40.09
92.1,-40.09
92.1,-40.09
92.2,-40.09
92.2,-40.10
92.3,-40.10
92.3,-40.10
92.4,-40.10
92.4,-40.10
92.5,-40.10
92.5,-40.10
92.6,-40.10
92.6,-40.10
92.7,-40.10
92.7,-40.10
92.8,-40.11
92.8,-40.11
92.9,-40.11
92.9,-40.11
93.0,-40.11
93.0,-40.11
93.1,-40.11
93.1,-40.11
93.2,-40.11
93.2,-40.12
93.3,-40.12
93.3,-40.12
93.4,-40.12
93.4,-40.12
93.5,-40.12
93.5,-40.12
93.6,-40.12
93.6,-40.12
93.7,-40.13
93.7,-40.13
93.8,-40.13
93.8,-40.13
93.9,-40.13
93.9,-40.13
94.0,-40.13
94.0,-40.13
94.1,-40.14
94.1,-40.14
94.2,-40.14
94.2,-40.14
94.3,-40.14
94.3,-40.14
94.4,-40.14
94.4,-40.14
94.5,-40.15
94.5,-40.15
94.6,-40.15
94.6,-40.15
94.7,-40.15
94.7,-40.15
94.8,-40.15
94.8,-40.15
94.9,-40.16
94.9,-40.16
95.0,-40.16
95.0,-40.16
95.1,-40.16
95.1,-40.16
95.2,-40.16
95.2,-40.16
95.3,-40.17
95.3,-40.17
95.4,-40.17
95.4,-40.17
95.5,-40.17
95.5,-40.17
95.6,-40.17
95.6,-40.18
95.7,-40.18
95.7,-40.18
95.8,-40.18
95.8,-40.18
95.9,-40.18
95.9,-40.19
96.0,-40.19
96.0,-40.19
96.1,-40.19
96.1,-40.19
96.2,-40.19
96.2,-40.19
96.3,-40.20
96.3,-40.20
96.4,-40.20
96.4,-40.20
96.5,-40.20
96.5,-40.20
96.6,-40.20
96.6,-40.21
96.7,-40.21
96.7,-40.21
96.8,-40.21
96.8,-40.21
96.9,-40.21
96.9,-40.22
97.0,-40.22
97.0,-40.22
97.1,-40.22
97.1,-40.22
97.2,-40.22
97.2,-40.23
97.3,-40.23
97.3,-40.23
97.4,-40.23
97.4,-40.23
97.5,-40.23
97.5,-40.24
97.6,-40.24
97.6,-40.24
97.7,-40.24
97.7,-40.24
97.8,-40.24
97.8,-40.25
97.9,-40.25
97.9,-40.25
98.0,-40.25
98.0,-40.25
98.1,-40.26
98.1,-40.26
98.2,-40.26
98.2,-40.26
98.3,-40.26
98.3,-40.26
98.4,-40.27
98.4,-40.27
98.5,-40.27
98.5,-40.27
98.6,-40.27
98.6,-40.28
98.7,-40.28
98.7,-40.28
98.8,-40.28
98.8,-40.28
98.9,-40.28
98.9,-40.29
99.0,-40.29
99.0,-40.29
99.1,-40.29
99.1,-40.29
99.2,-40.30
99.2,-40.30
99.3,-40.30
99.3,-40.30
99.4,-40.30
99.4,-40.31
99.5,-40.31
99.5,-40.31
99.6,-40.31
99.6,-40.31
99.7,-40.32
99.7,-40.32
99.8,-40.32
99.8,-40.32
99.9,-40.32
99.9,-40.33
100.0,-40.33
100.0,-40.33
100.1,-40.33
100.1,-40.33
100.2,-40.34
100.2,-40.34
100.3,-40.34
100.3,-40.34
100.4,-40.35
100.4,-40.35
100.5,-40.35
100.5,-40.35
100.6,-40.35
100.6,-40.36
100.7,-40.36
100.7,-40.36
100.8,-40.36
100.8,-40.36
100.9,-40.37
100.9,-40.37
101.0,-40.37
101.0,-40.37
101.1,-40.38
101.1,-40.38
101.2,-40.38
101.2,-40.38
101.3,-40.38
101.3,-40.39
101.4,-40.39
101.4,-40.39
101.5,-40.39
101.5,-40.40
101.6,-40.40
101.6,-40.40
101.7,-40.40
101.7,-40.40
101.8,-40.41
101.8,-40.41
101.9,-40.41
101.9,-40.41
102.0,-40.42
102.0,-40.42
102.1,-40.42
102.1,-40.42
102.2,-40.43
102.2,-40.43
102.3,-40.43
102.3,-40.43
102.4,-40.43
102.4,-40.44
102.5,-40.44
102.5,-40.44
102.6,-40.44
102.6,-40.45
102.7,-40.45
102.7,-40.45
102.8,-40.45
102.8,-40.46
102.9,-40.46
102.9,-40.46
103.0,-40.46
103.0,-40.47
103.1,-40.47
103.1,-40.47
103.2,-40.47
103.2,-40.48
103.3,-40.48
103.3,-40.48
103.4,-40.48
103.4,-40.49
103.5,-40.49
103.5,-40.49
103.6,-40.49
103.6,-40.50
103.7,-40.50
103.7,-40.50
103.8,-40.50
103.8,-40.51
103.9,-40.51
103.9,-40.51
104.0,-40.51
104.0,-40.52
104.1,-40.52
104.1,-40.52
104.2,-40.52
104.2,-40.53
104.3,-40.53
104.3,-40.53
104.4,-40.54
104.4,-40.54
104.5,-40.54
104.5,-40.54
104.6,-40.55
104.6,-40.55
104.7,-40.55
104.7,-40.55
104.8,-40.56
104.8,-40.56
104.9,-40.56
104.9,-40.56
105.0,-40.57
105.0,-40.57
105.1,-40.57
105.1,-40.58
105.2,-40.58
105.2,-40.58
105.3,-40.58
105.3,-40.59
105.4,-40.59
105.4,-40.59
105.5,-40.59
105.5,-40.60
105.6,-40.60
105.6,-40.60
105.7,-40.61
105.7,-40.61
105.8,-40.61
105.8,-40.61
105.9,-40.62
105.9,-40.62
106.0,-40.62
106.0,-40.63
106.1,-40.63
106.1,-40.63
106.2,-40.63
106.2,-40.64
106.3,-40.64
106.3,-40.64
106.4,-40.65
106.4,-40.65
106.5,-40.65
106.5,-40.65
106.6,-40.66
106.6,-40.66
106.7,-40.66
106.7,-40.67
106.8,-40.67
106.8,-40.67
106.9,-40.68
106.9,-40.68
107.0,-40.68
107.0,-40.68
107.1,-40.69
107.1,-40.69
107.2,-40.69
107.2,-40.70
107.3,-40.70
107.3,-40.70
107.4,-40.71
107.4,-40.71
107.5,-40.71
107.5,-40.71
107.6,-40.72
107.6,-40.72
107.7,-40.72
107.7,-40.73
107.8,-40.73
107.8,-40.73
107.9,-40.74
107.9,-40.74
108.0,-40.74
108.0,-40.75
108.1,-40.75
108.1,-40.75
108.2,-40.75
108.2,-40.76
108.3,-40.76
108.3,-40.76
108.4,-40.77
108.4,-40.77
108.5,-40.77
108.5,-40.78
108.6,-40.78
108.6,-40.78
108.7,-40.79
108.7,-40.79
108.8,-40.79
108.8,-40.80
108.9,-40.80
108.9,-40.80
109.0,-40.80
109.0,-40.81
109.1,-40.81
109.1,-40.81
109.2,-40.82
109.2,-40.82
109.3,-40.82
109.3,-40.83
109.4,-40.83
109.4,-40.83
109.5,-40.84
109.5,-40.84
109.6,-40.84
109.6,-40.85
109.7,-40.85
109.7,-40.85
109.8,-40.86
109.8,-40.86
109.9,-40.86
109.9,-40.87
110.0,-40.87
110.0,-40.87
110.1,-40.88
110.1,-40.88
110.2,-40.88
110.2,-40.89
110.3,-40.89
110.3,-40.89
110.4,-40.90
110.4,-40.90
110.5,-40.90
110.5,-40.91
110.6,-40.91
110.6,-40.91
110.7,-40.92
110.7,-40.92
110.8,-40.92
110.8,-40.93
110.9,-40.93
110.9,-40.93
111.0,-40.94
111.0,-40.94
111.1,-40.95
111.1,-40.95
111.2,-40.95
111.2,-40.96
111.3,-40.96
111.3,-40.96
111.4,-40.97
111.4,-40.97
111.5,-40.97
111.5,-40.98
111.6,-40.98
111.6,-40.98
111.7,-40.99
111.7,-40.99
111.8,-40.99
111.8,-41.00
111.9,-41.00
111.9,-41.00
112.0,-41.01
112.0,-41.01
112.1,-41.02
112.1,-41.02
112.2,-41.02
112.2,-41.03
112.3,-41.03
112.3,-41.03
112.4,-41.04
112.4,-41.04
112.5,-41.04
112.5,-41.05
112.6,-41.05
112.6,-41.06
112.7,-41.06
112.7,-41.06
112.8,-41.07
112.8,-41.07
112.9,-41.07
112.9,-41.08
113.0,-41.08
113.0,-41.08
113.1,-41.09
113.1,-41.09
113.2,-41.10
113.2,-41.10
113.3,-41.10
113.3,-41.11
113.4,-41.11
113.4,-41.11
113.5,-41.12
113.5,-41.12
113.6,-41.13
113.6,-41.13
113.7,-41.13
113.7,-41.14
113.8,-41.14
113.8,-41.14
113.9,-41.15
113.9,-41.15
114.0,-41.16
114.0,-41.16
114.1,-41.16
114.1,-41.17
114.2,-41.17
114.2,-41.17
114.3,-41.18
114.3,-41.18
114.4,-41.19
114.4,-41.19
114.5,-41.19
114.5,-41.20
114.6,-41.20
114.6,-41.20
114.7,-41.21
114.7,-41.21
114.8,-41.22
114.8,-41.22
114.9,-41.22
114.9,-41.23
115.0,-41.23
115.0,-41.24
115.1,-41.24
115.1,-41.24
115.2,-41.25
115.2,-41.25
115.3,-41.26
115.3,-41.26
115.4,-41.26
115.4,-41.27
115.5,-41.27
115.5,-41.27
115.6,-41.28
115.6,-41.28
115.7,-41.29
115.7,-41.29
115.8,-41.29
115.8,-41.30
115.9,-41.30
115.9,-41.31
116.0,-41.31
116.0,-41.31
116.1,-41.32
116.1,-41.32
116.2,-41.33
116.2,-41.33
116.3,-41.33
116.3,-41.34
116.4,-41.34
116.4,-41.35
116.5,-41.35
116.5,-41.35
116.6,-41.36
116.6,-41.36
116.7,-41.37
116.7,-41.37
116.8,-41.38
116.8,-41.38
116.9,-41.38
116.9,-41.39
117.0,-41.39
117.0,-41.40
117.1,-41.40
117.1,-41.40
117.2,-41.41
117.2,-41.41
117.3,-41.42
117.3,-41.42
117.4,-41.42
117.4,-41.43
117.5,-41.43
117.5,-41.44
117.6,-41.44
117.6,-41.44
117.7,-41.45
117.7,-41.45
117.8,-41.46
117.8,-41.46
117.9,-41.47
117.9,-41.47
118.0,-41.47
118.0,-41.48
118.1,-41.48
118.1,-41.49
118.2,-41.49
118.2,-41.50
118.3,-41.50
118.3,-41.50
118.4,-41.51
118.4,-41.51
118.5,-41.52
118.5,-41.52
118.6,-41.52
118.6,-41.53
118.7,-41.53
118.7,-41.54
118.8,-41.54
118.8,-41.55
118.9,-41.55
118.9,-41.55
119.0,-41.56
119.0,-41.56
119.1,-41.57
119.1,-41.57
119.2,-41.58
119.2,-41.58
119.3,-41.58
119.3,-41.59
119.4,-41.59
119.4,-41.60
119.5,-41.60
119.5,-41.61
119.6,-41.61
119.6,-41.62
119.7,-41.62
119.7,-41.62
119.8,-41.63
119.8,-41.63
119.9,-41.64
119.9,-41.64
120.0,-41.65
120.0,-41.65
120.1,-41.65
120.1,-41.66
120.2,-41.66
120.2,-41.67
120.3,-41.67
120.3,-41.68
120.4,-41.68
120.4,-41.69
120.5,-41.69
120.5,-41.69
120.6,-41.70
120.6,-41.70
120.7,-41.71
120.7,-41.71
120.8,-41.72
120.8,-41.72
120.9,-41.73
120.9,-41.73
121.0,-41.73
121.0,-41.74
121.1,-41.74
121.1,-41.75
121.2,-41.75
121.2,-41.76
121.3,-41.76
121.3,-41.77
121.4,-41.77
121.4,-41.77
121.5,-41.78
121.5,-41.78
121.6,-41.79
121.6,-41.79
121.7,-41.80
121.7,-41.80
121.8,-41.81
121.8,-41.81
121.9,-41.82
121.9,-41.82
122.0,-41.82
122.0,-41.83
122.1,-41.83
122.1,-41.84
122.2,-41.84
122.2,-41.85
122.3,-41.85
122.3,-41.86
122.4,-41.86
122.4,-41.87
122.5,-41.87
122.5,-41.88
122.6,-41.88
122.6,-41.88
122.7,-41.89
122.7,-41.89
122.8,-41.90
122.8,-41.90
122.9,-41.91
122.9,-41.91
123.0,-41.92
123.0,-41.92
123.1,-41.93
123.1,-41.93
123.2,-41.94
123.2,-41.94
123.3,-41.94
123.3,-41.95
123.4,-41.95
123.4,-41.96
123.5,-41.96
123.5,-41.97
123.6,-41.97
123.6,-41.98
123.7,-41.98
123.7,-41.99
123.8,-41.99
123.8,-42.00
123.9,-42.00
123.9,-42.01
124.0,-42.01
124.0,-42.02
124.1,-42.02
124.1,-42.02
124.2,-42.03
124.2,-42.03
124.3,-42.04
124.3,-42.04
124.4,-42.05
124.4,-42.05
124.5,-42.06
124.5,-42.06
124.6,-42.07
124.6,-42.07
124.7,-42.08
124.7,-42.08
124.8,-42.09
124.8,-42.09
124.9,-42.10
124.9,-42.10
125.0,-42.11
125.0,-42.11
125.1,-42.12
125.1,-42.12
125.2,-42.13
125.2,-42.13
125.3,-42.14
125.3,-42.14
125.4,-42.15
125.4,-42.15
125.5,-42.15
125.5,-42.16
125.6,-42.16
125.6,-42.17
125.7,-42.17
125.7,-42.18
125.8,-42.18
125.8,-42.19
125.9,-42.19
125.9,-42.20
126.0,-42.20
126.0,-42.21
126.1,-42.21
126.1,-42.22
126.2,-42.22
126.2,-42.23
126.3,-42.23
126.3,-42.24
126.4,-42.24
126.4,-42.25
126.5,-42.25
126.5,-42.26
126.6,-42.26
126.6,-42.27
126.7,-42.27
126.7,-42.28
126.8,-42.28
126.8,-42.29
126.9,-42.29
126.9,-42.30
127.0,-42.30
127.0,-42.31
127.1,-42.31
127.1,-42.32
127.2,-42.32
127.2,-42.33
127.3,-42.33
127.3,-42.34
127.4,-42.34
127.4,-42.35
127.5,-42.35
127.5,-42.36
127.6,-42.36
127.6,-42.37
127.7,-42.37
127.7,-42.38
127.8,-42.38
127.8,-42.39
127.9,-42.39
127.9,-42.40
128.0,-42.40
128.0,-42.41
128.1,-42.41
128.1,-42.42
128.2,-42.42
128.2,-42.43
128.3,-42.43
128.3,-42.44
128.4,-42.44
128.4,-42.45
128.5,-42.45
128.5,-42.46
128.6,-42.46
128.6,-42.47
128.7,-42.47
128.7,-42.48
128.8,-42.48
128.8,-42.49
128.9,-42.49
128.9,-42.50
129.0,-42.51
129.0,-42.51
129.1,-42.52
129.1,-42.52
129.2,-42.53
129.2,-42.53
129.3,-42.54
129.3,-42.54
129.4,-42.55
129.4,-42.55
129.5,-42.56
129.5,-42.56
129.6,-42.57
129.6,-42.57
129.7,-42.58
129.7,-42.58
129.8,-42.59
129.8,-42.59
129.9,-42.60
129.9,-42.60
130.0,-42.61
130.0,-42.61
130.1,-42.62
130.1,-42.62
130.2,-42.63
130.2,-42.63
130.3,-42.64
130.3,-42.65
130.4,-42.65
130.4,-42.66
130.5,-42.66
130.5,-42.67
130.6,-42.67
130.6,-42.68
130.7,-42.68
130.7,-42.69
130.8,-42.69
130.8,-42.70
130.9,-42.70
130.9,-42.71
131.0,-42.71
131.0,-42.72
131.1,-42.72
131.1,-42.73
131.2,-42.73
131.2,-42.74
131.3,-42.75
131.3,-42.75
131.4,-42.76
131.4,-42.76
131.5,-42.77
131.5,-42.77
131.6,-42.78
131.6,-42.78
131.7,-42.79
131.7,-42.79
131.8,-42.80
131.8,-42.80
131.9,-42.81
131.9,-42.81
132.0,-42.82
132.0,-42.83
132.1,-42.83
132.1,-42.84
132.2,-42.84
132.2,-42.85
132.3,-42.85
132.3,-42.86
132.4,-42.86
132.4,-42.87
132.5,-42.87
132.5,-42.88
132.6,-42.88
132.6,-42.89
132.7,-42.90
132.7,-42.90
132.8,-42.91
132.8,-42.91
132.9,-42.92
132.9,-42.92
133.0,-42.93
133.0,-42.93
133.1,-42.94
133.1,-42.94
133.2,-42.95
133.2,-42.95
133.3,-42.96
133.3,-42.97
133.4,-42.97
133.4,-42.98
133.5,-42.98
133.5,-42.99
133.6,-42.99
133.6,-43.00
133.7,-43.00
133.7,-43.01
133.8,-43.01
133.8,-43.02
133.9,-43.03
133.9,-43.03
134.0,-43.04
134.0,-43.04
134.1,-43.05
134.1,-43.05
134.2,-43.06
134.2,-43.06
134.3,-43.07
134.3,-43.07
134.4,-43.08
134.4,-43.09
134.5,-43.09
134.5,-43.10
134.6,-43.10
134.6,-43.11
134.7,-43.11
134.7,-43.12
134.8,-43.12
134.8,-43.13
134.9,-43.14
134.9,-43.14
135.0,-43.15
135.0,-43.15
135.1,-43.16
135.1,-43.16
135.2,-43.17
135.2,-43.17
135.3,-43.18
135.3,-43.19
135.4,-43.19
135.4,-43.20
135.5,-43.20
135.5,-43.21
135.6,-43.21
135.6,-43.22
135.7,-43.22
135.7,-43.23
135.8,-43.24
135.8,-43.24
135.9,-43.25
135.9,-43.25
136.0,-43.26
136.0,-43.26
136.1,-43.27
136.1,-43.27
136.2,-43.28
136.2,-43.29
136.3,-43.29
136.3,-43.30
136.4,-43.30
136.4,-43.31
136.5,-43.31
136.5,-43.32
136.6,-43.32
136.6,-43.33
136.7,-43.34
136.7,-43.34
136.8,-43.35
136.8,-43.35
136.9,-43.36
136.9,-43.36
137.0,-43.37
137.0,-43.38
137.1,-43.38
137.1,-43.39
137.2,-43.39
137.2,-43.40
137.3,-43.40
137.3,-43.41
137.4,-43.41
137.4,-43.42
137.5,-43.43
137.5,-43.43
137.6,-43.44
137.6,-43.44
137.7,-43.45
137.7,-43.45
137.8,-43.46
137.8,-43.47
137.9,-43.47
137.9,-43.48
138.0,-43.48
138.0,-43.49
138.1,-43.49
138.1,-43.50
138.2,-43.51
138.2,-43.51
138.3,-43.52
138.3,-43.52
138.4,-43.53
138.4,-43.53
138.5,-43.54
138.5,-43.55
138.6,-43.55
138.6,-43.56
138.7,-43.56
138.7,-43.57
138.8,-43.57
138.8,-43.58
138.9,-43.58
138.9,-43.59
139.0,-43.60
139.0,-43.60
139.1,-43.61
139.1,-43.61
139.2,-43.62
139.2,-43.62
139.3,-43.63
139.3,-43.64
139.4,-43.64
139.4,-43.65
139.5,-43.65
139.5,-43.66
139.6,-43.66
139.6,-43.67
139.7,-43.68
139.7,-43.68
139.8,-43.69
139.8,-43.69
139.9,-43.70
139.9,-43.70
140.0,-43.71
140.0,-43.72
140.1,-43.72
140.1,-43.73
140.2,-43.73
140.2,-43.74
140.3,-43.74
140.3,-43.75
140.4,-43.76
140.4,-43.76
140.5,-43.77
140.5,-43.77
140.6,-43.78
140.6,-43.79
140.7,-43.79
140.7,-43.80
140.8,-43.80
140.8,-43.81
140.9,-43.81
140.9,-43.82
141.0,-43.83
141.0,-43.83
141.1,-43.84
141.1,-43.84
141.2,-43.85
141.2,-43.85
141.3,-43.86
141.3,-43.87
141.4,-43.87
141.4,-43.88
141.5,-43.88
141.5,-43.89
141.6,-43.89
141.6,-43.90
141.7,-43.91
141.7,-43.91
141.8,-43.92
141.8,-43.92
141.9,-43.93
141.9,-43.93
142.0,-43.94
142.0,-43.95
142.1,-43.95
142.1,-43.96
142.2,-43.96
142.2,-43.97
142.3,-43.97
142.3,-43.98
142.4,-43.99
142.4,-43.99
142.5,-44.00
142.5,-44.00
142.6,-44.01
142.6,-44.02
142.7,-44.02
142.7,-44.03
142.8,-44.03
142.8,-44.04
142.9,-44.04
142.9,-44.05
143.0,-44.06
143.0,-44.06
143.1,-44.07
143.1,-44.07
143.2,-44.08
143.2,-44.08
143.3,-44.09
143.3,-44.10
143.4,-44.10
143.4,-44.11
143.5,-44.11
143.5,-44.12
143.6,-44.12
143.6,-44.13
143.7,-44.14
143.7,-44.14
143.8,-44.15
143.8,-44.15
143.9,-44.16
143.9,-44.16
144.0,-44.17
144.0,-44.18
144.1,-44.18
144.1,-44.19
144.2,-44.19
144.2,-44.20
144.3,-44.20
144.3,-44.21
144.4,-44.22
144.4,-44.22
144.5,-44.23
144.5,-44.23
144.6,-44.24
144.6,-44.24
144.7,-44.25
144.7,-44.26
144.8,-44.26
144.8,-44.27
144.9,-44.27
144.9,-44.28
145.0,-44.28
145.0,-44.29
145.1,-44.30
145.1,-44.30
145.2,-44.31
145.2,-44.31
145.3,-44.32
145.3,-44.32
145.4,-44.33
145.4,-44.34
145.5,-44.34
145.5,-44.35
145.6,-44.35
145.6,-44.36
145.7,-44.36
145.7,-44.37
145.8,-44.38
145.8,-44.38
145.9,-44.39
145.9,-44.39
146.0,-44.40
146.0,-44.40
146.1,-44.41
146.1,-44.42
146.2,-44.42
146.2,-44.43
146.3,-44.43
146.3,-44.44
146.4,-44.44
146.4,-44.45
146.5,-44.45
146.5,-44.46
146.6,-44.47
146.6,-44.47
146.7,-44.48
146.7,-44.48
146.8,-44.49
146.8,-44.49
146.9,-44.50
146.9,-44.51
147.0,-44.51
147.0,-44.52
147.1,-44.52
147.1,-44.53
147.2,-44.53
147.2,-44.54
147.3,-44.54
147.3,-44.55
147.4,-44.56
147.4,-44.56
147.5,-44.57
147.5,-44.57
147.6,-44.58
147.6,-44.58
147.7,-44.59
147.7,-44.59
147.8,-44.60
147.8,-44.60
147.9,-44.61
147.9,-44.62
148.0,-44.62
148.0,-44.63
148.1,-44.63
148.1,-44.64
148.2,-44.64
148.2,-44.65
148.3,-44.65
148.3,-44.66
148.4,-44.66
148.4,-44.67
148.5,-44.68
148.5,-44.68
148.6,-44.69
148.6,-44.69
148.7,-44.70
148.7,-44.70
148.8,-44.71
148.8,-44.71
148.9,-44.72
148.9,-44.72
149.0,-44.73
149.0,-44.74
149.1,-44.74
149.1,-44.75
149.2,-44.75
149.2,-44.76
149.3,-44.76
149.3,-44.77
149.4,-44.77
149.4,-44.78
149.5,-44.78
149.5,-44.79
149.6,-44.79
149.6,-44.80
149.7,-44.80
149.7,-44.81
149.8,-44.81
149.8,-44.82
149.9,-44.83
149.9,-44.83
150.0,-44.84
150.0,-44.84
150.1,-44.85
150.1,-44.85
150.2,-44.86
150.2,-44.86
150.3,-44.87
150.3,-44.87
150.4,-44.88
150.4,-44.88
150.5,-44.89
150.5,-44.89
150.6,-44.90
150.6,-44.90
150.7,-44.91
150.7,-44.91
150.8,-44.92
150.8,-44.92
150.9,-44.93
150.9,-44.93
151.0,-44.94
151.0,-44.94
151.1,-44.95
151.1,-44.95
151.2,-44.96
151.2,-44.96
151.3,-44.97
151.3,-44.97
151.4,-44.98
151.4,-44.98
151.5,-44.99
151.5,-44.99
151.6,-45.00
151.6,-45.00
151.7,-45.01
151.7,-45.01
151.8,-45.02
151.8,-45.02
151.9,-45.03
151.9,-45.03
152.0,-45.04
152.0,-45.04
152.1,-45.05
152.1,-45.05
152.2,-45.05
152.2,-45.06
152.3,-45.06
152.3,-45.07
152.4,-45.07
152.4,-45.08
152.5,-45.08
152.5,-45.09
152.6,-45.09
152.6,-45.10
152.7,-45.10
152.7,-45.11
152.8,-45.11
152.8,-45.12
152.9,-45.12
152.9,-45.12
153.0,-45.13
153.0,-45.13
153.1,-45.14
153.1,-45.14
153.2,-45.15
153.2,-45.15
153.3,-45.16
153.3,-45.16
153.4,-45.16
153.4,-45.17
153.5,-45.17
153.5,-45.18
153.6,-45.18
153.6,-45.19
153.7,-45.19
153.7,-45.19
153.8,-45.20
153.8,-45.20
153.9,-45.21
153.9,-45.21
154.0,-45.22
154.0,-45.22
154.1,-45.22
154.1,-45.23
154.2,-45.23
154.2,-45.24
154.3,-45.24
154.3,-45.24
154.4,-45.25
154.4,-45.25
154.5,-45.26
154.5,-45.26
154.6,-45.26
154.6,-45.27
154.7,-45.27
154.7,-45.28
154.8,-45.28
154.8,-45.28
154.9,-45.29
154.9,-45.29
155.0,-45.29
155.0,-45.30
155.1,-45.30
155.1,-45.31
155.2,-45.31
155.2,-45.31
155.3,-45.32
155.3,-45.32
155.4,-45.32
155.4,-45.33
155.5,-45.33
155.5,-45.33
155.6,-45.34
155.6,-45.34
155.7,-45.34
155.7,-45.35
155.8,-45.35
155.8,-45.35
155.9,-45.36
155.9,-45.36
156.0,-45.36
156.0,-45.37
156.1,-45.37
156.1,-45.37
156.2,-45.38
156.2,-45.38
156.3,-45.38
156.3,-45.39
156.4,-45.39
156.4,-45.39
156.5,-45.40
156.5,-45.40
156.6,-45.40
156.6,-45.41
156.7,-45.41
156.7,-45.41
156.8,-45.41
156.8,-45.42
156.9,-45.42
156.9,-45.42
157.0,-45.42
157.0,-45.43
157.1,-45.43
157.1,-45.43
157.2,-45.44
157.2,-45.44
157.3,-45.44
157.3,-45.44
157.4,-45.45
157.4,-45.45
157.5,-45.45
157.5,-45.45
157.6,-45.46
157.6,-45.46
157.7,-45.46
157.7,-45.46
157.8,-45.46
157.8,-45.47
157.9,-45.47
157.9,-45.47
158.0,-45.47
158.0,-45.47
158.1,-45.48
158.1,-45.48
158.2,-45.48
158.2,-45.48
158.3,-45.48
158.3,-45.49
158.4,-45.49
158.4,-45.49
158.5,-45.49
158.5,-45.49
158.6,-45.49
158.6,-45.50
158.7,-45.50
158.7,-45.50
158.8,-45.50
158.8,-45.50
158.9,-45.50
158.9,-45.50
159.0,-45.51
159.0,-45.51
159.1,-45.51
159.1,-45.51
159.2,-45.51
159.2,-45.51
159.3,-45.51
159.3,-45.51
159.4,-45.51
159.4,-45.51
159.5,-45.52
159.5,-45.52
159.6,-45.52
159.6,-45.52
159.7,-45.52
159.7,-45.52
159.8,-45.52
159.8,-45.52
159.9,-45.52
159.9,-45.52
160.0,-45.52
160.0,-45.52
160.1,-45.52
160.1,-45.52
160.2,-45.52
160.2,-45.52
160.3,-45.52
160.3,-45.52
160.4,-45.52
160.4,-45.52
160.5,-45.52
160.5,-45.52
160.6,-45.52
160.6,-45.52
160.7,-45.52
160.7,-45.52
160.8,-45.52
160.8,-45.52
160.9,-45.52
160.9,-45.52
161.0,-45.52
161.0,-45.52
161.1,-45.52
161.1,-45.51
161.2,-45.51
161.2,-45.51
161.3,-45.51
161.3,-45.51
161.4,-45.51
161.4,-45.51
161.5,-45.51
161.5,-45.50
161.6,-45.50
161.6,-45.50
161.7,-45.50
161.7,-45.50
161.8,-45.50
161.8,-45.49
161.9,-45.49
161.9,-45.49
162.0,-45.49
162.0,-45.49
162.1,-45.48
162.1,-45.48
162.2,-45.48
162.2,-45.48
162.3,-45.48
162.3,-45.47
162.4,-45.47
162.4,-45.47
162.5,-45.47
162.5,-45.46
162.6,-45.46
162.6,-45.46
162.7,-45.45
162.7,-45.45
162.8,-45.45
162.8,-45.44
162.9,-45.44
162.9,-45.44
163.0,-45.43
163.0,-45.43
163.1,-45.43
163.1,-45.42
163.2,-45.42
163.2,-45.41
163.3,-45.41
163.3,-45.41
163.4,-45.40
163.4,-45.40
163.5,-45.39
163.5,-45.39
163.6,-45.38
163.6,-45.38
163.7,-45.38
163.7,-45.37
163.8,-45.37
163.8,-45.36
163.9,-45.36
163.9,-45.35
164.0,-45.35
164.0,-45.34
164.1,-45.33
164.1,-45.33
164.2,-45.32
164.2,-45.32
164.3,-45.31
164.3,-45.31
164.4,-45.30
164.4,-45.29
164.5,-45.29
164.5,-45.28
164.6,-45.27
164.6,-45.27
164.7,-45.26
164.7,-45.25
164.8,-45.25
164.8,-45.24
164.9,-45.23
164.9,-45.23
165.0,-45.22
165.0,-45.21
165.1,-45.20
165.1,-45.20
165.2,-45.19
165.2,-45.18
165.3,-45.17
165.3,-45.16
165.4,-45.16
165.4,-45.15
165.5,-45.14
165.5,-45.13
165.6,-45.12
165.6,-45.11
165.7,-45.10
165.7,-45.10
165.8,-45.09
165.8,-45.08
165.9,-45.07
165.9,-45.06
166.0,-45.05
166.0,-45.04
166.1,-45.03
166.1,-45.02
166.2,-45.01
166.2,-45.00
166.3,-44.99
166.3,-44.98
166.4,-44.97
166.4,-44.95
166.5,-44.94
166.5,-44.93
166.6,-44.92
166.6,-44.91
166.7,-44.90
166.7,-44.89
166.8,-44.87
166.8,-44.86
166.9,-44.85
166.9,-44.84
167.0,-44.82
167.0,-44.81
167.1,-44.80
167.1,-44.79
167.2,-44.77
167.2,-44.76
167.3,-44.75
167.3,-44.73
167.4,-44.72
167.4,-44.70
167.5,-44.69
167.5,-44.68
167.6,-44.66
167.6,-44.65
167.7,-44.63
167.7,-44.62
167.8,-44.60
167.8,-44.59
167.9,-44.57
167.9,-44.55
168.0,-44.54
168.0,-44.52
168.1,-44.51
168.1,-44.49
168.2,-44.47
168.2,-44.46
168.3,-44.44
168.3,-44.42
168.4,-44.40
168.4,-44.39
168.5,-44.37
168.5,-44.35
168.5,-44.33
168.6,-44.31
168.6,-44.29
168.7,-44.28
168.7,-44.26
168.8,-44.24
168.8,-44.22
168.9,-44.20
168.9,-44.18
169.0,-44.16
169.0,-44.14
169.1,-44.12
169.1,-44.10
169.2,-44.07
169.2,-44.05
169.3,-44.03
169.3,-44.01
169.4,-43.99
169.4,-43.97
169.5,-43.94
169.5,-43.92
169.6,-43.90
169.6,-43.87
169.7,-43.85
169.7,-43.83
169.8,-43.80
169.8,-43.78
169.9,-43.75
169.9,-43.73
170.0,-43.70
170.0,-43.68
170.1,-43.65
170.1,-43.63
170.2,-43.60
170.2,-43.57
170.3,-43.55
170.3,-43.52
170.4,-43.49
170.4,-43.47
170.5,-43.44
170.5,-43.41
170.6,-43.38
170.6,-43.35
170.7,-43.32
170.7,-43.29
170.8,-43.26
170.8,-43.23
170.9,-43.20
170.9,-43.17
171.0,-43.14
171.0,-43.11
171.1,-43.08
171.1,-43.05
171.2,-43.02
171.2,-42.98
171.3,-42.95
171.3,-42.92
171.4,-42.88
171.4,-42.85
171.5,-42.81
171.5,-42.78
171.6,-42.74
171.6,-42.71
171.7,-42.67
171.7,-42.64
171.8,-42.60
171.8,-42.56
171.9,-42.53
171.9,-42.49
172.0,-42.45
172.0,-42.41
172.1,-42.37
172.1,-42.33
172.2,-42.29
172.2,-42.25
172.3,-42.21
172.3,-42.17
172.4,-42.13
172.4,-42.09
172.5,-42.04
172.5,-42.00
172.6,-41.96
172.6,-41.91
172.7,-41.87
172.7,-41.82
172.8,-41.78
172.8,-41.73
172.9,-41.69
172.9,-41.64
173.0,-41.59
173.0,-41.54
173.1,-41.50
173.1,-41.45
173.2,-41.40
173.2,-41.35
173.3,-41.30
173.3,-41.25
173.4,-41.19
173.4,-41.14
173.5,-41.09
173.5,-41.04
173.6,-40.98
173.6,-40.93
173.7,-40.87
173.7,-40.81
173.8,-40.76
173.8,-40.70
173.9,-40.64
173.9,-40.58
174.0,-40.53
174.0,-40.47
174.1,-40.40
174.1,-40.34
174.2,-40.28
174.2,-40.22
174.3,-40.15
174.3,-40.09
174.4,-40.03
174.4,-39.96
174.5,-39.89
174.5,-39.83
174.6,-39.76
174.6,-39.69
174.7,-39.62
174.7,-39.55
174.8,-39.48
174.8,-39.40
174.9,-39.33
174.9,-39.25
175.0,-39.18
175.0,-39.10
175.1,-39.03
175.1,-38.95
175.2,-38.87
175.2,-38.79
175.3,-38.71
175.3,-38.62
175.4,-38.54
175.4,-38.46
175.5,-38.37
175.5,-38.28
175.6,-38.19
175.6,-38.10
175.7,-38.01
175.7,-37.92
175.8,-37.83
175.8,-37.73
175.9,-37.64
175.9,-37.54
176.0,-37.44
176.0,-37.34
176.1,-37.24
176.1,-37.14
176.2,-37.03
176.2,-36.93
176.3,-36.82
176.3,-36.71
176.4,-36.60
176.4,-36.48
176.5,-36.37
176.5,-36.25
176.6,-36.13
176.6,-36.01
176.7,-35.89
176.7,-35.76
176.8,-35.64
176.8,-35.51
176.9,-35.38
176.9,-35.24
177.0,-35.11
177.0,-34.97
177.1,-34.83
177.1,-34.68
177.2,-34.53
177.2,-34.38
177.3,-34.23
177.3,-34.08
177.4,-33.92
177.4,-33.75
177.5,-33.59
177.5,-33.42
177.6,-33.25
177.6,-33.07
177.7,-32.89
177.7,-32.70
177.8,-32.51
177.8,-32.32
177.9,-32.12
177.9,-31.92
178.0,-31.71
178.0,-31.49
178.1,-31.27
178.1,-31.05
178.2,-30.81
178.2,-30.58
178.3,-30.33
178.3,-30.07
178.4,-29.81
178.4,-29.54
178.5,-29.26
178.5,-28.97
178.6,-28.67
178.6,-28.36
178.7,-28.04
178.7,-27.70
178.8,-27.35
178.8,-26.99
178.9,-26.61
178.9,-26.21
179.0,-25.79
179.0,-25.35
179.1,-24.89
179.1,-24.40
179.2,-23.88
179.2,-23.32
179.3,-22.73
179.3,-22.10
179.4,-21.41
179.4,-20.66
179.5,-19.85
179.5,-18.95
179.6,-17.94
179.6,-16.81
179.7,-15.50
179.7,-13.96
179.8,-12.08
179.8,-9.69
179.9,-6.36
179.9,-0.92
